source_id,source,page_url,title,published_date,published_date_source,category_slug,candidate_priority,description,page_sha256,discovered_at_utc,status,notes
VOV4_23A5518B701085121391274F43D7F0A6854AF4A5,VOV4,https://vov4.vov.vn/bahnar/nor-pore-phat-thanh/todrong-kotong-ang-nar-2492026-529441.vov4,Tơdrong kơtơ̆ng ang năr 24.9.2026,2026-09-24,body_fallback,nor-pore-phat-thanh,normal,"VOV.Bahnar - Tơdrong kơtơ̆ng ang năr ou đei dôm kơtơ̆ng ang kăl tơ̆ hơla ou: - Tổng Bí thư, Kơdră chĕp pơgơ̆r Teh đak Tô Lâm sơng pơma dơnuh hăm bơngai tang măt rim Grŭp jang mŭk drăm tơ̆ Hoa Kỳ. - Việt Nam – Hoa Kỳ hơnơ̆ng hơmet pơ ‘lơ̆ng dôm tơdrong đơ̆ng ƀrơ̆m pơgang/dioxin pơm ăn. - Chánh án Hơnih xek tơlang tơm Nguyễn Văn Quảng pơgơ̆r tơƀơ̆p pơma dơnuh hăm bơngai tah hla tơ̆ tơring Đức Trọng, dêh char Lâm Đồng. - Rim dêh char lơ̆m tơring Tây Nguyên iung jang tang găn hơlou hăm ‘mi kial hơbŭt hơbông pơrăm.",05a1b1c9f05be99db710a72786a93c1ac283fccc6948393acb695a3b00fe18a4,2026-09-24T16:05:22Z,candidate,
VOV4_2D39DE6994374745A90B2F8CCC41A43ABF111EF0,VOV4,https://vov4.vov.vn/bahnar/kotong-ang-lom-topol-thoi-su-xa-hoi/chanh-an-honih-tom-xek-tolang-teh-dak-nguyen-van-quang-tobop-poma-donuh-ham-bongai-tah-hla-lam-dong-529433.vov4,Chánh án Hơnih tơm xek tơlang teh đak Nguyễn Văn Quảng tơƀơ̆p pơma dơnuh hăm bơngai tăh hla Lâm Đồng,2026-09-24,body_fallback,kotong-ang-lom-topol-thoi-su-xa-hoi,normal,"VOV.Bahnar - Pơgê năr 23/9, Bí thư Trung ương Đảng, Chánh án Hơnih tơm Xek tơlang Teh đak Nguyễn Văn Quảng atŭm hăm Khul tang măt Kuô̆k hô̆i dêh char Lâm Đồng hlôi iung jang tơƀơ̆p pơma dơnuh hăm bơngai tăh hla hơdrol ‘Măng hop akŏm mă 2, Kuô̆k hô̆i jăl XVI tơ̆ phường Lâm Viên- Đà Lạt.",752affa8ad9912077498c3f9c8c2f94c10b0d8c4db9f2996bfc3381cf1a2a24c,2026-09-24T16:05:24Z,candidate,
VOV4_4F3554FC564400008578B69EB55E4D529F2A6E0E,VOV4,https://vov4.vov.vn/bahnar/kotong-ang-lom-topol-thoi-su-xa-hoi/hop-akom-podrong-kio-trong-chih-tolech-hla-boar-tobat-potoch-bo-jang-dar-lang-lang-holen-mang-ma-3-ham-khul-kodra-chep-pogor-dang-honih-bo-jang-teh-dak-529404.vov4,"Hop akŏm pơdrơ̆ng kiơ̆ trong chih tơlĕch Hla bơar tơbăt pơtôch bơ̆ jang dăr lăng, lăng hơlen (‘măng mă 3) hăm Khul kơdră chĕp pơgơ̆r Đảng Hơnih bơ̆ jang teh đak",2026-09-24,body_fallback,kotong-ang-lom-topol-thoi-su-xa-hoi,normal,"VOV.Bahnar - Pơgê năr 23/9, tơ̆ Hơnih bơ̆ jang Teh đak, Khul Dăr lăng, lăng hơlen kơsô̆ 221 kơ Hơnih tơm Chinh trĭ pơgơ̆r Hop akŏm pơdrơ̆ng kiơ̆ trong chih tơlĕch Hla bơar tơbăt pơtôch bơ̆ jang dăr lăng, lăng hơlen ( ‘măng mă 3) hăm Khul kơdră chĕp pơgơ̆r Đảng Hơnih bơ̆ jang teh đak.",4ebb0570f3a955aab26d39cf0196c98273d155c8572fd5d88ee46f581a47af2d,2026-09-24T16:05:26Z,candidate,
VOV4_B6C2E19EE2E2E4F8454124A4F5E7D2687EFA78D3,VOV4,https://vov4.vov.vn/bahnar/choh-jang-sa-nha-nong/honhak-choh-potam-kojap-truh-ham-kon-polei-potam-sau-rieng-cheh-phe-tay-nguyen-529398.vov4,"Hơnhăk choh pơtăm kơjăp truh hăm kon pơlei pơtăm sầu riêng, cheh phe Tây Nguyên",2026-09-24,body_fallback,choh-jang-sa-nha-nong,normal,"VOV.Bahnar - Hơnih pơtrŭt choh jang xa kơ teh đak kŭm hăm dôm anih jang ƀơm truh 'nao pơgơ̆r tơƀôh tơdrong jang pơtruh kơmăy kơmŏk choh jang sa kơjăp 'lơ̆ng. Tơ̆ hơnih jang pơlong lăng kơ Anih jang Khoa hŏk Ki thuơ̆t choh jang sa bri ‘long Tây Nguyên, kơhrĕng 'nu kon pơlei jang chŭn mir, kang ƀô̆ pơtrŭt choh jang sa păng bơngai joăt jang găh choh jang sa đei 'măng chă hơlen lăng tơdrong jang pơtăm sầu riêng păng chĕh phe iŏk yoa khoa hŏk ki thuơ̆t 'nao, lăp hăm tŏ 'mi kial tơplih păng tơdrong 'mĕh vă roi ‘năr roi tŏk đơ̆ng anih tĕch mơdro tơ̆ teh đak đe.",4165e143fb44fd8cd6e8c2e633b3f272847a5b492560fc46bc8b4031414bd1c8,2026-09-24T16:05:28Z,candidate,
VOV4_E13F09EA9BD4230FFC98E4F7F7DC8448DFD71104,VOV4,https://vov4.vov.vn/bahnar/kotong-ang-lom-topol-thoi-su-xa-hoi/rim-toring-ko-tay-nguyen-tojra-ham-mi-kial-dak-hobong-529430.vov4,Rim tơring kơ Tây Nguyên tơjră hăm 'mi kial đak hơbông,2026-09-24,body_fallback,kotong-ang-lom-topol-thoi-su-xa-hoi,normal,"VOV.Bahnar – 'Mi tih đunh năr pơm đak lơ̆p jrŭ, teh hơlih tơ̆ lơ tơring tơ̆ Đăk Lăk păng Lâm Đồng, pơrăm truh tơdrong choh pơtăm păng hơrih xa kơ kon pơlei. Jơnŭm pơgơ̆r tơring tŏk bŏk hăt hot tơgŭm iŏk yua tơmam choh pơtăm đei, tơjră păng tơjur ƀiơ̆ răm kơyuơ 'mi kial đak hơbông pơm đei.",0ba71f4aedfdf0818ffede134a2f4160b4bb04a2c562336ecac72487caba78b8,2026-09-24T16:05:30Z,candidate,
VOV4_11AC992B7036F44651DC941869900437CA99DFF2,VOV4,https://vov4.vov.vn/bahnar/kotong-ang-lom-topol-thoi-su-xa-hoi/kon-polei-jang-mir-dak-lak-podap-gah-todrong-tech-rat-tomam-dram-lom-komai-koso-529431.vov4,Kon pơlei jang mir Đăk Lăk pơđăp gah tơdrong tĕch răt tơmam drăm lơ̆m kơmăi kơsô̆,2026-09-24,body_fallback,kotong-ang-lom-topol-thoi-su-xa-hoi,normal,"VOV.Bahnar - Năr 23/9, tơ̆ Hnam Joh ayŏ Lao động tơring 2, d/c Đắk Lắk pơgơ̆r Tơdrong hop akŏm “Yak hơdoi hăm kon pơlei jang mir Đắk Lắk – Pơih trong jang tĕch răt kiơ̆ kơmăi kơsô̆”. Hop akŏm tơroi gah tơdrong ""iŏk yua AI păng kơmăi kơmŏk kơsô̆ lơ̆m pơm jang, tĕch răt tơmam choh pơtăm đei lơ̆m kơmăi điện tử"", atŭm tơroi gah tơdrong hlôh vao pơm jang lơ̆m tơdrong jang ou.",d9a21fd624b5412b9438ff1caefe2599bd2394948160f60e4f89b8bf6f19f8ff,2026-09-24T16:05:32Z,candidate,
VOV4_4E064FE2CE9F07F56C8C6F0B757161248F3E4BCD,VOV4,https://vov4.vov.vn/bahnar/kotong-ang-lom-topol-thoi-su-xa-hoi/tong-bi-thu-kodra-teh-dak-bon-to-lam-iung-poma-ah-mang-poma-dam-kopal-ko-jonum-jang-lien-hopu-kuok-jal-81-529374.vov4,Tổng Bí thư Kơdră teh đak bơ̆n Tô Lâm iung pơma ah 'Măng pơma đam kơpal kơ Jơnŭm jang Liên hopư kuô̆k jăl 81,2026-09-24,body_fallback,kotong-ang-lom-topol-thoi-su-xa-hoi,normal,"VOV.Bahnar – Tơ̆ Hơnih jang kơ Liên hơp kuô̆k, New York, Hoa Kỳ, Tổng Bí thư, Kơdră teh đak bơ̆n Tô Lâm hlôi đei ƀai đŏk tơbang kăp gĭt ah 'Măng pơma đam kơpal kơ Jơnŭm jang Liên hơp kuô̆k jăl 81.",6db681e5da52be1818150a8068de843692f887b9613c86988bc9c50e8bce9c77,2026-09-24T16:05:34Z,candidate,
VOV4_3AACF99A3ADFB771059750FD550F7ED2BD427FB9,VOV4,https://vov4.vov.vn/bahnar/kotong-ang-lom-topol-thoi-su-xa-hoi/chanh-an-honih-xek-tolang-tom-nguyen-van-quang-tobop-poma-donuh-ham-bongai-tah-hla-to-toring-duc-trong-deh-char-lam-dong-529439.vov4,"Chánh án Hơnih xek tơlang tơm Nguyễn Văn Quảng tơƀơ̆p pơma dơnuh hăm bơngai tăh hla tơ̆ tơring Đức Trọng, dêh char Lâm Đồng",2026-09-24,body_fallback,kotong-ang-lom-topol-thoi-su-xa-hoi,normal,"VOV.Bahnar - Kơsơ̆ năr 23/9, Bí thư Trung ương Đảng, Chánh án Hơnih tơm xek tơlang Nguyễn Văn Quảng atŭm hăm Khul kơdră tang măt Kuô̆k hô̆i dêh char Lâm Đồng tơƀơ̆p pơma dơnuh hăm bơngai tah hla tơring Đức Trọng.",b7f5e4e9426062203a21f9eb53d25eaa29d7493ccfcc8cb9aac7f05523aa113d,2026-09-24T16:05:36Z,candidate,
VOV4_18412C2E196AE5AD50187C397998FBDAE4C9EDDD,VOV4,https://vov4.vov.vn/bahnar/kotong-ang-lom-topol-thoi-su-xa-hoi/tong-bi-thu-kodra-chep-pogor-teh-dak-to-lam-song-poma-donuh-bongai-tang-mat-rim-grup-jang-muk-dram-to-hoa-ky-529437.vov4,"Tổng Bí thư, Kơdră chĕp pơgơ̆r teh đak Tô Lâm sơng pơma dơnuh bơngai tang măt rim grŭp jang mŭk drăm tơ̆ Hoa Kỳ",2026-09-24,body_fallback,kotong-ang-lom-topol-thoi-su-xa-hoi,normal,"VOV.Bahnar - Lơ̆m ‘măng năm bơ̆ jang vang năm ‘Măng pơma dơnuh Khul kơdră kơpal Jơnŭm chĕp pơgơ̆r Liên hợp quốc jăl 81 tơ̆ Hoa Kỳ, năr 23/9, Tổng Bí thư, Kơdră chĕp pơgơ̆r Tô Lâm hlôi sơng pơma dơnuh hăm bơngai tang măt mĭnh ƀar grŭp jang mŭk drăm tơm dơnơm apŭng plĕnh teh.",c855058c784ff22d9ac0cec67cc756815763e10ac0bf184c1b709c637187489a,2026-09-24T16:05:38Z,candidate,
VOV4_C108541B901E319D5EAC87F59D9FE49489DF174A,VOV4,https://vov4.vov.vn/bahnar/trong-jang-teh-dak-tojur-an-pang-todrong-horih-chinh-sach-va-cuoc-song/vang-pojing-todrong-pochot-pohio-trung-thu-an-ho-ioh-jo-jan-to-dak-lak-529435.vov4,Vang pơjing tơdrong pơchơt pơhiơ̆ Trung thu ăn hơ ioh jo jăn tơ̆ Đắk Lắk,2026-09-24,body_fallback,trong-jang-teh-dak-tojur-an-pang-todrong-horih-chinh-sach-va-cuoc-song,normal,"VOV.Bahnar- Hăm đe hơ-ioh tơ̆ Hơnih jang Tơgŭm hơtŏk pơtho pơhrăm pơ-'lơ̆ng đe hơ-ioh hơven hơvo jo jăn dêh char Đăk Lăk, Trung thu ưh hơdrô̆ jĭ ƀĕng kĕo dah mă lăng hơsuang prao. 'Noh jing tơdrong chơt hơ-iă ah mă đe oh đei tŏk tơ̆ chơnang hơri hơsuang. Pơyan Trung thu sơnăm ou tơ̆ Hơnih jang Tơgŭm hơtŏk pơtho pơhrăm pơ-'lơ̆ng đe hơ-ioh hơven hơvo jo jăn yua thoi noh mă akŏm đei lơ tơdrong chơt hơ-iă păng dôm tơdrong hơdrin tôch tơnăp.",d99cbb7628e568046a0d42640d50d969e47c194a808e83ea697bd26e4b7c0af4,2026-09-24T16:05:40Z,candidate,
VOV4_B895DC62289D0027F438F1F304C33E9F98AB45F2,VOV4,https://vov4.vov.vn/bahnar/choh-jang-sa-nha-nong/dak-lak-hotok-poih-sa-toring-ruih-dak-to-solam-teh-ia-rve-529375.vov4,Đăk Lăk hơtŏk pơih să tơring ruih đak tơ̆ sơlam teh Ia Rvê,2026-09-24,body_fallback,choh-jang-sa-nha-nong,normal,"VOV.Bahnar – Ƀok Lương Nguyễn Minh Triết, Ƀĭ thư Tĭnh uy, Kơdră Khul tang măt Kuô̆k hô̆i dêh char Đăk Lăk atŭm hăm khul pơm jang kơ dêh char chă hơlen lăng tơdrong pơm jang tơ̆ hơnih vă pơih să tơring đei đak ruih lơ̆m Tơdrong jang man pơnơ̆ dơnou đak Ia Mơr, lơ̆m tơring sơlam Ia Rvê.",dff33abcb074a68171a778ec80d7c7c584f6e3181a97990522e70d1d8750d957,2026-09-24T16:06:06Z,candidate,
VOV4_4A2B1B0C9A6F97657102D8F71D232CDE25CC040A,VOV4,https://vov4.vov.vn/bahnar/video-clip-bai-joh-hori-video-clip-ca-nhac/i-adei-i-nay-em-nay-529019.vov4,I adei i (Này em này),2026-09-24,body_fallback,video-clip-bai-joh-hori-video-clip-ca-nhac,low,VOV.Bahnar,29b7fb2d15bf1152ab2168a82006ca792c2e00fea523611d60bc98f8f65ef2e6,2026-09-24T16:07:04Z,candidate,
VOV4_17907E6196C5F7A8DB223D5677014F7F475DA2F5,VOV4,https://vov4.vov.vn/bahnar/nor-pore-phat-thanh/todrong-kotong-ang-nar-23-09-2026-529329.vov4,Tơdrong kơtơ̆ng ang năr 23-09-2026,2026-09-23,body_fallback,nor-pore-phat-thanh,normal,"VOV.Bahnar - Tơdrong kơtơ̆ng ang kơsơ̆ ‘nâu năr 23/9/2026, đei dôm tơdrong tơm tơ̆ hơla âu: -Tổng Bí thư, Kơdră teh đak Tô Lâm pơma găh trong vă jang tơ̆ Khul tơlĕch trong jang tơbôl kơ teh đak Mi. -Thủ tướng Lê Minh Hưng pơgơ̆r hop akŏm hăm Anih tơm vei lăng ming man. -Hlŏh 2.200 tơpu tơmam Trung thu truh hăm đe hơioh tơ̆ tơring sơlam Đắk Lắk. -Quảng Ngãi pơdong, ƀŭ linh lôch tang ăn teh đak A Ngõa.",f18cbbcaab78be778720377fcf65be27b179ef91fdcaeb6d20eac90d5c7db462,2026-09-24T16:05:50Z,candidate,
VOV4_ABBE26F7CF611D6666511D203FBCD39D3581866A,VOV4,https://vov4.vov.vn/bahnar/trong-jang-teh-dak-tojur-an-pang-todrong-horih-chinh-sach-va-cuoc-song/bi-thu-trung-uong-dang-nguyen-van-quang-hopah-tomam-trung-thu-to-polei-hoioh-sos-da-lat-529327.vov4,Bí thư Trung ương Đảng Nguyễn Văn Quảng hơpăh tơmam Trung thu tơ̆ Pơlei hơioh SOS Đà Lạt,2026-09-23,body_fallback,trong-jang-teh-dak-tojur-an-pang-todrong-horih-chinh-sach-va-cuoc-song,normal,"VOV.Bahnar – Drâm kơsơ̆ brei (22/9), Bí thư Trung ương Đảng, Kơdră chĕp kơ̆l Anih tơm sek tơlang kon pơlei, bơngai tang măt Quốc hội dêh char Lâm Đồng Nguyễn Văn Quảng năm ngôi, hơpăh tơmam Têt Trung thu ăn hơiŏh tơ̆ pơlei hơiŏh SOS Đà Lạt.",d1354a02b002181fcda8b5670417afac2aa49383b0a630e422bfbf16c969f5cb,2026-09-24T16:05:58Z,candidate,
VOV4_7926AF14F1F85F743B538F9D43E05EA96C4334B4,VOV4,https://vov4.vov.vn/bahnar/trong-jang-teh-dak-tojur-an-pang-todrong-horih-chinh-sach-va-cuoc-song/quang-ngai-podong-bu-linh-loch-tang-an-teh-dak-a-ngoa-529326.vov4,Quảng Ngãi pơdong ƀŭ linh lôch tang ăn teh đak A Ngõa,2026-09-23,body_fallback,trong-jang-teh-dak-tojur-an-pang-todrong-horih-chinh-sach-va-cuoc-song,normal,"VOV.Bahnar - Pơgê (22/9), Anih chĕp kơ̆l Đảng, Jơnŭm pơgơ̆r kon pơlei, Anih vei lăng kon pơlei, Anih jang MTTQ Việt Nam xăh Tu Mrông jang hơdai hăm xăh Đăk Tờ Kan, dêh char Quảng Ngãi pơgơ̆r Lêh pơdong, ƀŭ linh lôch tang ăn teh đak A Ngõa tơ̆ Pơsat linh Tu Mrông.",b39503a3063e6b7556015f689d966d682b1f69ed202ab40e8c0c2892665d75cd,2026-09-24T16:06:00Z,candidate,
VOV4_1DA465EF057095A272F2F955DAA5F8311B085181,VOV4,https://vov4.vov.vn/bahnar/trong-jang-teh-dak-tojur-an-pang-todrong-horih-chinh-sach-va-cuoc-song/hloh-2200-topu-tomam-trung-thu-truh-ham-hoioh-toring-solam-dak-lak-529322.vov4,Hloh 2.200 tơpu tơmam Trung thu truh hăm hơioh tơring sơlam Đắk Lắk,2026-09-23,body_fallback,trong-jang-teh-dak-tojur-an-pang-todrong-horih-chinh-sach-va-cuoc-song,normal,"VOV.Bahnar - Đơ̆ng 'năr 18 truh 21/9, dôm anih jang găh Anih chĕp kơ̆l pơgơ̆r Ƀô đô̆i vei lăng tơring sơlam dêh char Đắk Lắk jang hơdai hăm khul kơdră đảng, khul kơdră pơgơ̆r tơring, dôm anih jang, khul grŭp păng bơngai đei jơhngơ̆m đon 'lơ̆ng pơgơ̆r lơ tơdrong jang chơt hơiă Têt Trung thu, hơpăh hlŏh 2.200 tơpu tơmam ăn hơioh tơ̆ tơring sơlam păng tơring sơlam đak dơsĭ.",5cdb26a3e942c7af51ae28dbc707cfbe38878565968c31ad3c2cbc738e47c6cb,2026-09-24T16:06:02Z,candidate,
VOV4_C92B69A11C820EE4187901E70D9A31842DDE0B9B,VOV4,https://vov4.vov.vn/bahnar/trong-jang-teh-dak-tojur-an-pang-todrong-horih-chinh-sach-va-cuoc-song/pho-kodra-quoc-hoi-do-van-chien-nam-ngoi-asong-tomam-trung-thu-to-nghe-an-529318.vov4,"Phŏ Kơdră Quốc hội Đỗ Văn Chiến năm ngôi, asong tơmam Trung thu tơ̆ Nghệ An",2026-09-23,body_fallback,trong-jang-teh-dak-tojur-an-pang-todrong-horih-chinh-sach-va-cuoc-song,normal,"VOV.Bahnar - Kơsơ̆ ‘năr 22/9, năm ngôi, asong tơmam păng thơ thou Têt Trung thu ăn đe mon păh iung, hơioh iĕ tơ̆ Anih vei lăng tơgŭm hơioh Nghệ An, Phŏ Kơdră Quốc hội Đỗ Văn Chiến athei rim kơdră Đảng, kơdră chĕp kơ̆l pơgơ̆r, rim anih jang dêh char Nghệ An hơnơ̆ng bơngơ̆t truh, vei lăng ‘lơ̆ng hloh dơ̆ng ăn hơioh; ư̆h kơ lê̆ tơdrong hơrih sa mơmat tat pơm tơ hiong tơdrong hiôk gơh hŏk pơhrăm, rong 'me tơdrong hơpơi 'mĕh.",a697f4def0306fbfc5ab5032f82e5c88c55d4ed8bb8dd4c923a48475740c872b,2026-09-24T16:06:04Z,candidate,
VOV4_14DED6F96A9CA049046A6BD7B7E6CF56FD1EEF5A,VOV4,https://vov4.vov.vn/bahnar/johngom-pran-suc-khoe/anih-jang-pogang-lam-dong-hodrin-to-jra-ji-jong-ti-bor-pang-polo-lech-de-529323.vov4,Anih jang pơgang Lâm Đồng hơdrin tơ jră jĭ jơ̆ng ti ƀơ̆r păng pơlŏ lĕch đe,2026-09-23,body_fallback,johngom-pran-suc-khoe,normal,"VOV.Bahnar - Kŭm hăm kơsô̆ dôm bơngai jĭ tŏk lơ, tơ̆ dêh char Lâm Đồng đơ̆ng blŭng sơnăm truh dang ei đĭ đei 2 ‘nu lôch yua đơ̆ng jĭ jơ̆ng ti ƀơ̆r păng 1 ‘nu lôch yua đơ̆ng jĭ pơlŏ lĕch đe. Anih jang pơgang tơring tŏk bŏk akŏm tơjră tơ̆ hơnăp krê hơmơt đơ̆ng jĭ.",c431daa82998ddd65b3170ce8b4b06ad1578bbc7cfe41b727b8f9ea0f289fd8d,2026-09-24T16:06:14Z,candidate,
VOV4_787C81D9A37A62382E2EC58F6D32B7A40C3509AF,VOV4,https://vov4.vov.vn/bahnar/johngom-pran-suc-khoe/anih-jang-pogang-dak-lak-hodrin-toplih-koso-kio-todrong-tochot-57-529273.vov4,Anih jang pơgang Đắk Lắk hơdrin tơplih kơsô̆ kiơ̆ tơdrong Tơchơ̆t 57,2026-09-23,body_fallback,johngom-pran-suc-khoe,normal,"VOV.Bahnar - Anih jang pơgang Đăk Lăk tŏk bŏk tŭn pran kơsô̆ chih akŏm dôm hla ar bơ̆jang. Truh dang ei, kon pơlei hlôi pơtơm gơh chih măt khăm, hơmet jĭ hăm kơmăy kơmŏk điên tư; dôm anih jang pơgang kŭm tơlĕch jang chih hla ar tơdrong jĭ điên tư păng kla jên ưh đei yua jên măt. Dôm tơdrong đei yua kơsô̆ âu tŏk bŏk ƀrư̆ ƀrư̆ tơgŭm kon pơlei gơh yua tơdrong pơvih pơvăn pơgang ƀônh hiôk hloh, hơdai hăm ‘noh hơtŏk ‘lơ̆ng tơdrong pơvih pơvăn lơ̆m khăm - hơmet jĭ tơ̆ tơring.",45d6e8117056d0ffda3f76545c2d3c01f42bee042cd44e92dc890cc2d24cba1f,2026-09-24T16:06:16Z,candidate,
VOV4_28B834BA5981BB6F72C58E206B92BF20C0EBB238,VOV4,https://vov4.vov.vn/bahnar/todrong-hori-tay-nguyen-dan-ca-tay-nguyen/polung-dam-teng-van-dong-anh-teng-lam-dan-quan-529011.vov4,Pơlung dăm Teng (Vận động anh Teng làm dân quân),2026-09-23,body_fallback,todrong-hori-tay-nguyen-dan-ca-tay-nguyen,normal,VOV.Bahnar,54c16e1b92f1b63ec445d7395cb9f33bfdb55545a2c240662f2536c6df7b403e,2026-09-24T16:06:45Z,candidate,
VOV4_9E455D8BC44A1C863362D5F3260D66D8C7FD31E5,VOV4,https://vov4.vov.vn/bahnar/nor-pore-phat-thanh/todrong-kotong-ang-nar-22092026-529171.vov4,Tơdrong kơtơ̆ng ang năr 22/09/2026,2026-09-22,body_fallback,nor-pore-phat-thanh,normal,"VOV.Bahnar – Kơtơ̆ng ang 'năr ou đei dôm kơtơ̆ng ang kăl tơ̆ hơla ou: - Tổng Bí thư, Kơdră teh đak bơ̆n tơƀơ̆p pơma dơnuh hăm bơngai hŏk kơjung kơ Việt Nam tơ̆ Hoa Kỳ. - Thủ tướng teh đak bơ̆n pơgơ̆r athei kơchăng tơjră păng hơmet răm đơ̆ng rŏng kơ 'mi kial đak hơbông. - Lâm Đồng vei sơđơ̆ng tơ̆ dôm xah hli đei teh hơlih “Kơtơ̆ng ang kăl 'năr ou tơroi gah 'mi kial đak hơbông păng tơdrong jang kơchăng tang găn păng tơjră tơ̆ tơring Pơbah Tŏk bŏk păng Tây Nguyên.",da591b5d404332d3e5240364fea236f49e198eef23bff95d52521ae22d68b961,2026-09-24T16:05:52Z,candidate,
VOV4_8D3EC705A1E459DF8A0E56061F87427DAF2ED834,VOV4,https://vov4.vov.vn/bahnar/video-clip-bai-joh-hori-video-clip-ca-nhac/le-mung-duoc-mua-529015.vov4,Lễ mừng được mùa,2026-09-22,body_fallback,video-clip-bai-joh-hori-video-clip-ca-nhac,low,VOV.Bahnar,62220935f0d721a4157652c8f8fa210fb03112fb1988c1be0259e65e91febcff,2026-09-24T16:07:06Z,candidate,
VOV4_39977787EBC6AC4E2ED3D20DFB65C5088F369259,VOV4,https://vov4.vov.vn/bahnar/nor-pore-phat-thanh/todrong-kotong-ang-nar-21-09-2026-529067.vov4,Tơdrong kơtơ̆ng ang năr 21-09-2026,2026-09-21,body_fallback,nor-pore-phat-thanh,normal,"VOV.Bahnar - Tơdrong kơtơ̆ng ang kơsơ̆ ‘nâu đei dôm tơdrong tơm tơ̆ hơla âu: -Tổng Bí thư, Kơdră teh đak Tô Lâm năm hop akŏm tih kơ Jơnŭm chĕp kơ̆l Liên hợp quốc jăl 81. -Phŏ Kơdră teh đak Võ Thị Ánh Xuân hơpăh tơmam Trung thu ăn đe hơioh jĭ jăn tơ̆ Tuyên Quang. -Anih vei lăng kon pơlei dêh char Đắk Lắk pơgơ̆r Hop akŏm roi tơbăt Tơdrong tơchơ̆t đơ̆ng Thủ tướng teh đak găh pơjing Anih vei lăng dôm tơring jang mŭk drăm păng tơring jang kơmăy Đắk Lắk. -Khul jang đơ̆ng Anih vei lăng pơtho pơhrăm bơ̆ jang hăm Anih vei lăng kon pơlei dêh char Khánh Hòa.",ffc361f3007cb04159f22c41bd4ef810788abfd98615cc1b04b5806c413c0f72,2026-09-24T16:05:54Z,candidate,
VOV4_92294E18D79C88921ACB4C80922594115BCF59C9,VOV4,https://vov4.vov.vn/bahnar/todrong-hori-tay-nguyen-dan-ca-tay-nguyen/bi-mni-ko-dang-ca-ngoi-dang-529010.vov4,Bi mni kơ Đảng (Ca ngợi Đảng),2026-09-21,body_fallback,todrong-hori-tay-nguyen-dan-ca-tay-nguyen,normal,VOV.Bahnar,7a4f4cd8f933e6adfafbb7aee0f7ac88340771b804654fc8cab415b50e37e54e,2026-09-24T16:06:47Z,candidate,
VOV4_36638EFCA0E1B098A56FE2DD658F4391C4D688FE,VOV4,https://vov4.vov.vn/bahnar/todrong-juat-long-dong-so-van-hoa/dang-kang-vei-long-todra-ching-cheng-528624.vov4,Dang Kang vei 'lơ̆ng tơdra chĭng chêng,2026-09-20,body_fallback,todrong-juat-long-dong-so-van-hoa,normal,"VOV.Bahnar – Lơ̆m tơring bri kông, tơdra chĭng chêng đơ̆ng đunh sơ̆ hlôi đei lơ̆m tơdrong hơrih kơ bơngai Êđê. Lơ̆m tơdrong hơrih 'nao, xah Dang Kang, dêh char Đăk Lăk tŏk bŏk oei hơdrin vei răk tơdra chĭng chêng gơnơm đe ngê̆ nhơ̆n hăt hot pơtho ăn đe sơnăm mơlôh. Hăm 33 hơmrŭk chĭng chêng, hloh 50 ngê̆ nhơ̆n băt tôn chĭng chêng păng 6 ngê̆ nhơ̆n hơmet chêng, 'nou jing tơdrong kăp gĭt vă Dang Kang pơtoi vei răk tơƀăk mong joh ayŏ kră sơ̆ lơ̆m tơdrong hơrih hrei ou.",8cc68963d6a5ff8623d9ccd0b024793a42ca2a5e9ec3204c73855c313d73b419,2026-09-24T16:06:34Z,candidate,
VOV4_FE4D3558DBE8BAF63A71264C2825A39DF799CEFC,VOV4,https://vov4.vov.vn/bahnar/video-clip-bai-joh-hori-video-clip-ca-nhac/tan-brai-det-vai-528850.vov4,Tan brai (Dệt vải),2026-09-20,body_fallback,video-clip-bai-joh-hori-video-clip-ca-nhac,low,VOV.Bahnar,6f1b67182277c4265ddd331a69be251c5853edf20c6dba2ab4e37cae8dd6fb2b,2026-09-24T16:07:08Z,candidate,
VOV4_5C1E81BC44FEF0E9F3BB2E9E0012A7E55CE70E27,VOV4,https://vov4.vov.vn/bahnar/todrong-toroi-so-ki-van-nghe-dan-gian/todam-gran-dhong-528839.vov4,Tơdăm Grăn Dhong,2026-09-20,body_fallback,todrong-toroi-so-ki-van-nghe-dan-gian,normal,VOV.Bahnar,3dca9a757e6378f3451a0bfebb29a6fa401d746862ca6ae39681aebc460da033,2026-09-24T16:07:14Z,candidate,
VOV4_0E9BD02CA9AD88C204A729BBA7E08BDC4E81CBA4,VOV4,https://vov4.vov.vn/bahnar/pom-tong-san-khau-truyen-thanh-tieu-pham-cuoi-tuan/dong-dak-todrong-ji-bat-anih-dak-lok-tong-528877.vov4,Đong đăk tơdrong jĭ ƀât anih đak lŏk tơ̆ng,2026-09-20,body_fallback,pom-tong-san-khau-truyen-thanh-tieu-pham-cuoi-tuan,normal,"VOV.Bahnar - Pơyan ‘mi jĭ khei ‘năr jĭ pơlŏ lĕch đe đei ƀôh dêh hloh lơ̆m sơnăm. Yua đơ̆ng đak ‘mi pơm ăn lơ hơnih đak tơ̆ng, klĭnh, lôp gre so... pơm hơtŏk dôm hơnih mong đak, pơm tơdrong hiôk ăn kơ mur brĕnh chek lar păng tơpoh jĭ pơlŏ lĕch đe. Dôm khei âu ki tơ̆ dêh char Đắk Lắk đĭ đei 2 ‘nu lôch yua đơ̆ng jĭ pơlŏ lĕch đe. Tơ̆ hơla âu ‘noh pơm tông “Đong đăk tơdrong jĭ ƀât anih đak lŏk tơ̆ng"", pơtho tơtă tơdrong tang găn jĭ pơlŏ lĕch kơtă hloi đơ̆ng rim unh hnam hăm tơdrong pơm rơgoh cham char, hơvơn kơmih ma duch nă păng bôl buăl vang mơ̆ng.",bd3faadef78e5a20335033bb44b9cbffcbd2822ef270fce7394d6857bc3b2721,2026-09-24T16:07:23Z,candidate,
VOV4_93353B5AF04BC37859D4BD0C1C467C78F37847A2,VOV4,https://vov4.vov.vn/bahnar/nor-pore-phat-thanh/um-ai-todrong-horih-nar-19092026-528900.vov4,Um ai tơdrong hơrih năr 19/09/2026,2026-09-19,body_fallback,nor-pore-phat-thanh,normal,VOV.Bahnar,4a993a130e863e745e95941db7b29d861552170317ff3ae348a6c05e57ec7e8e,2026-09-24T16:05:56Z,candidate,
VOV4_7D4E831C973EF51AD79D567DEBFF3FE75F3AA77F,VOV4,https://vov4.vov.vn/bahnar/toring-torang-nao-nong-thon-moi/nor-poma-dei-lui-yom-lom-todrong-pojing-toring-torang-nao-to-toring-kon-kong-lam-dong-528876.vov4,“Nơ̆r pơma đei lui yom” lơ̆m tơdrong pơjing tơring tơrang ‘nao tơ̆ tơring kon kông Lâm Đồng,2026-09-19,body_fallback,toring-torang-nao-nong-thon-moi,normal,"VOV.Bahnar - Đơ̆ng rŏng kơ tơmơ̆t hơdai, 103 xăh kơ Lâm Đồng đei hơlen lăng kiơ̆ Tơdrong hơgăt tơring tơrang 'nao jăl jang 2026-2030, mă lei tam mă đei xăh hơyơ lăp hăm tơdrong hơgăt; lơ hloh 'nao đei lăp 28 xăh jang đei 4/10 tơdrong hơgăt. Lơ̆m jăl trong 'nao, kră pơlei, bơngai đei kon pơlei lui yom hơnơ̆ng jing ""gơng tơƀưh"" gĭt kăl, pơjing tơdrong drơ̆ng pôm nơ̆r păng chơng ba kon pơlei tơplih trong tơchĕng, trong jang.",35cc823972414297fa282fffafa6f190d901d94fff10682f400cc8411b3b583b,2026-09-24T16:06:24Z,candidate,
